{"stats":{"minecraft:killed_by":{"minecraft:skeleton":2,"iceandfire:ghost":5,"minecraft:zombie":2},"minecraft:picked_up":{"slashblade:proudsoul_tiny":3,"minecraft:golden_carrot":9,"minecraft:rotten_flesh":2,"minecraft:fire_charge":2,"minecraft:gray_wool":1,"minecraft:spruce_slab":2,"minecraft:mutton":2,"alexsmobs:animal_dictionary":3},"minecraft:mined":{"minecraft:grass":1,"minecraft:spruce_planks":1,"minecraft:redstone_wire":1,"minecraft:oak_leaves":5,"minecraft:spruce_slab":2},"minecraft:killed":{"minecraft:sheep":1,"minecraft:zombie":2},"minecraft:custom":{"minecraft:open_chest":4,"minecraft:time_since_rest":2055,"minecraft:crouch_one_cm":5790,"minecraft:play_time":34428,"minecraft:sprint_one_cm":136192,"minecraft:walk_one_cm":61102,"minecraft:damage_taken":2629,"minecraft:deaths":10,"minecraft:sneak_time":5404,"minecraft:mob_kills":3,"minecraft:jump":657,"minecraft:damage_dealt":785,"minecraft:time_since_death":1999,"minecraft:climb_one_cm":864,"minecraft:total_world_time":34428,"minecraft:fall_one_cm":15922,"minecraft:fly_one_cm":125407},"minecraft:used":{"minecraft:spruce_slab":2}},"DataVersion":3465}