{"stats":{"minecraft:killed_by":{"iceandfire:ghost":5,"minecraft:skeleton":17,"minecraft:zombie":2},"minecraft:picked_up":{"slashblade:proudsoul_tiny":3,"minecraft:golden_carrot":9,"minecraft:birch_trapdoor":1,"minecraft:red_mushroom":1,"minecraft:fire_charge":2,"alexsmobs:animal_dictionary":3,"minecraft:dark_oak_trapdoor":1,"minecraft:iron_axe":3,"minecraft:red_nether_bricks":1,"minecraft:bone":2,"minecraft:rotten_flesh":2,"minecraft:peony":1,"minecraft:iron_ingot":1,"minecraft:gray_wool":1,"minecraft:gold_ingot":4,"minecraft:spruce_slab":2,"minecraft:mangrove_planks":6,"minecraft:mutton":2,"minecraft:coal":2},"minecraft:mined":{"minecraft:spruce_planks":1,"minecraft:birch_trapdoor":1,"minecraft:peony":1,"minecraft:grass":1,"minecraft:redstone_wire":1,"minecraft:spruce_slab":2,"minecraft:oak_leaves":6},"minecraft:killed":{"minecraft:sheep":1,"minecraft:zombie":2},"minecraft:custom":{"minecraft:time_since_rest":345,"minecraft:sprint_one_cm":199779,"minecraft:damage_taken":6429,"minecraft:walk_one_cm":99266,"minecraft:mob_kills":3,"minecraft:damage_dealt":1207,"minecraft:swim_one_cm":4189,"minecraft:fly_one_cm":173994,"minecraft:open_chest":5,"minecraft:crouch_one_cm":6571,"minecraft:play_time":46428,"minecraft:deaths":25,"minecraft:sneak_time":5819,"minecraft:walk_under_water_one_cm":373,"minecraft:jump":863,"minecraft:time_since_death":316,"minecraft:walk_on_water_one_cm":448,"minecraft:total_world_time":46428,"minecraft:climb_one_cm":960,"minecraft:fall_one_cm":22339},"minecraft:used":{"minecraft:iron_axe":5,"minecraft:spruce_slab":2,"minecraft:birch_trapdoor":1}},"DataVersion":3465}