{"stats":{"minecraft:picked_up":{"slashblade:proudsoul_tiny":3,"minecraft:rotten_flesh":2,"alexsmobs:animal_dictionary":3},"minecraft:killed_by":{"iceandfire:ghost":1,"minecraft:zombie":2,"minecraft:skeleton":1},"minecraft:mined":{"minecraft:grass":1,"minecraft:oak_leaves":5},"minecraft:killed":{"minecraft:zombie":2},"minecraft:custom":{"minecraft:jump":208,"minecraft:time_since_rest":3730,"minecraft:damage_dealt":347,"minecraft:crouch_one_cm":664,"minecraft:deaths":5,"minecraft:sprint_one_cm":62618,"minecraft:play_time":10428,"minecraft:damage_taken":1476,"minecraft:time_since_death":3618,"minecraft:walk_one_cm":18343,"minecraft:sneak_time":928,"minecraft:total_world_time":10428,"minecraft:mob_kills":2,"minecraft:fall_one_cm":7450,"minecraft:fly_one_cm":45197}},"DataVersion":3465}