{"stats":{"minecraft:dropped":{"minecraft:bread":4,"slashblade:slashblade":1,"minecraft:beef":2},"minecraft:killed_by":{"minecraft:skeleton":17,"minecraft:zombie":2,"minecraft:iron_golem":1,"iceandfire:ghost":5,"iceandfire:fire_dragon":1},"minecraft:picked_up":{"minecraft:birch_log":4,"minecraft:pink_petals":12,"minecraft:golden_carrot":9,"minecraft:brown_wool":1,"iceandfire:dragonegg_white":1,"aether:iron_gloves":1,"minecraft:red_mushroom":1,"minecraft:potato":5,"minecraft:chainmail_chestplate":1,"minecraft:chain":1,"iceandfire:manuscript":1,"minecraft:dirt":17,"minecraft:dark_oak_trapdoor":1,"iceandfire:armor_black_leggings":1,"minecraft:iron_axe":3,"minecraft:red_nether_bricks":1,"minecraft:iron_leggings":1,"minecraft:armor_stand":1,"minecraft:bone":10,"minecraft:wheat_seeds":3,"minecraft:gold_nugget":116,"aquamirae:terrible_leggings":1,"minecraft:iron_ingot":1,"minecraft:beef":3,"minecraft:dark_oak_sign":3,"minecraft:poppy":2,"slashblade:slashblade":2,"minecraft:spruce_slab":2,"minecraft:mangrove_planks":6,"minecraft:chest":1,"aquamirae:terrible_helmet":1,"aquamirae:terrible_boots":1,"minecraft:iron_boots":2,"minecraft:book":9,"slashblade:proudsoul_tiny":3,"iceandfire:armor_black_boots":1,"minecraft:birch_trapdoor":1,"minecraft:fire_charge":2,"minecraft:cyan_bed":2,"aquamirae:terrible_chestplate":1,"alexsmobs:animal_dictionary":3,"minecraft:rotten_flesh":2,"minecraft:peony":1,"minecraft:hay_block":6,"iceandfire:armor_black_helmet":1,"minecraft:gray_wool":1,"minecraft:gold_ingot":4,"minecraft:emerald":3,"iceandfire:armor_black_chestplate":1,"minecraft:mutton":5,"minecraft:obsidian":4,"minecraft:coal":3,"minecraft:cobblestone":24,"minecraft:white_wool":1,"minecraft:oxeye_daisy":2},"minecraft:mined":{"minecraft:spruce_planks":1,"minecraft:grass_block":4,"minecraft:poppy":1,"minecraft:chest":1,"minecraft:redstone_wire":1,"minecraft:cyan_bed":2,"minecraft:hay_block":6,"minecraft:birch_log":4,"minecraft:birch_trapdoor":1,"minecraft:peony":1,"minecraft:grass":6,"minecraft:coal_ore":1,"minecraft:dirt_path":4,"minecraft:dirt":7,"minecraft:stone":24,"minecraft:oak_leaves":9,"minecraft:spruce_slab":2},"minecraft:killed":{"minecraft:sheep":3,"minecraft:zombie":2,"minecraft:cow":1},"minecraft:crafted":{"minecraft:wooden_sword":1,"minecraft:crafting_table":1,"minecraft:wooden_pickaxe":1,"minecraft:furnace":1,"minecraft:birch_planks":16,"minecraft:bread":15,"minecraft:stick":8,"minecraft:stone_pickaxe":1,"minecraft:stone_sword":1,"minecraft:wheat":45},"minecraft:custom":{"minecraft:interact_with_furnace":2,"minecraft:mob_kills":6,"minecraft:interact_with_crafting_table":10,"minecraft:open_barrel":5,"minecraft:time_since_death":38890,"minecraft:climb_one_cm":960,"minecraft:time_since_rest":38927,"minecraft:sprint_one_cm":416589,"minecraft:damage_taken":7745,"minecraft:walk_one_cm":234045,"minecraft:drop":7,"minecraft:damage_dealt":1534,"minecraft:swim_one_cm":13637,"minecraft:talked_to_villager":4,"minecraft:fly_one_cm":411616,"minecraft:open_chest":36,"minecraft:crouch_one_cm":10128,"minecraft:play_time":106428,"minecraft:deaths":27,"minecraft:sneak_time":7480,"minecraft:walk_under_water_one_cm":835,"minecraft:jump":1779,"minecraft:interact_with_blast_furnace":2,"minecraft:walk_on_water_one_cm":2788,"minecraft:total_world_time":106428,"minecraft:fall_one_cm":53497},"minecraft:used":{"minecraft:stone_pickaxe":21,"minecraft:spruce_slab":2,"minecraft:dark_oak_sign":1,"minecraft:chest":1,"minecraft:wooden_pickaxe":11,"minecraft:dirt":9,"minecraft:crafting_table":1,"minecraft:mushroom_stew":1,"minecraft:carrot":8,"minecraft:obsidian":1,"minecraft:apple":1,"minecraft:iron_axe":5,"minecraft:bread":12,"minecraft:cyan_bed":2,"minecraft:birch_trapdoor":1,"minecraft:wooden_sword":13,"minecraft:beef":1,"minecraft:hay_block":1,"minecraft:furnace":1,"minecraft:chain":2,"minecraft:potato":3}},"DataVersion":3465}