{"stats":{"minecraft:dropped":{"minecraft:bread":4,"minecraft:rotten_flesh":2,"minecraft:gunpowder":1,"slashblade:slashblade":1,"minecraft:beef":2},"minecraft:killed_by":{"minecraft:player":1,"minecraft:skeleton":17,"minecraft:zombie":2,"minecraft:iron_golem":1,"iceandfire:ghost":5,"iceandfire:fire_dragon":1},"minecraft:picked_up":{"minecraft:birch_log":4,"minecraft:leather_chestplate":1,"minecraft:pink_petals":12,"minecraft:wheat":1,"minecraft:feather":2,"minecraft:golden_carrot":9,"minecraft:brown_wool":1,"minecraft:wooden_pickaxe":1,"iceandfire:dragonegg_white":2,"aether:iron_gloves":2,"minecraft:red_mushroom":1,"alexsmobs:bear_fur":2,"minecraft:potato":5,"minecraft:birch_planks":3,"minecraft:potion":1,"minecraft:chainmail_chestplate":1,"minecraft:chain":1,"minecraft:gunpowder":3,"iceandfire:manuscript":1,"minecraft:string":4,"minecraft:dirt":21,"minecraft:dark_oak_trapdoor":1,"iceandfire:armor_black_leggings":2,"minecraft:iron_axe":3,"minecraft:wooden_sword":1,"minecraft:red_nether_bricks":1,"minecraft:iron_leggings":2,"minecraft:armor_stand":1,"minecraft:bone":32,"iceandfire:bestiary":2,"minecraft:wheat_seeds":11,"minecraft:gold_nugget":116,"minecraft:stone_pickaxe":1,"aquamirae:terrible_leggings":2,"minecraft:iron_ingot":1,"minecraft:beef":3,"minecraft:dark_oak_sign":3,"minecraft:bamboo":6,"aether:book_of_lore":3,"minecraft:poppy":4,"slashblade:slashblade":3,"minecraft:spruce_slab":2,"minecraft:mangrove_planks":6,"minecraft:chest":1,"aquamirae:terrible_helmet":2,"aquamirae:terrible_boots":2,"minecraft:iron_boots":3,"minecraft:book":9,"minecraft:stick":1,"slashblade:proudsoul_tiny":3,"iceandfire:armor_black_boots":2,"aether:golden_parachute":1,"minecraft:birch_trapdoor":1,"iceandfire:shiny_scales":1,"minecraft:fire_charge":2,"mowziesmobs:wrought_helmet":1,"minecraft:cyan_bed":2,"aquamirae:terrible_chestplate":2,"minecraft:spider_eye":2,"alexsmobs:animal_dictionary":3,"minecraft:stone_sword":1,"minecraft:rotten_flesh":7,"minecraft:pumpkin_pie":12,"minecraft:peony":1,"minecraft:hay_block":6,"iceandfire:armor_black_helmet":2,"minecraft:golden_horse_armor":2,"minecraft:glowstone":2,"minecraft:gray_wool":1,"minecraft:gold_ingot":13,"minecraft:emerald":3,"iceandfire:gorgon_head":1,"iceandfire:armor_black_chestplate":4,"minecraft:mutton":5,"minecraft:obsidian":4,"minecraft:coal":3,"minecraft:cobblestone":35,"minecraft:white_wool":1,"minecraft:oxeye_daisy":2},"minecraft:mined":{"minecraft:spruce_planks":1,"minecraft:grass_block":4,"minecraft:poppy":1,"minecraft:chest":1,"minecraft:redstone_wire":1,"minecraft:cyan_bed":2,"minecraft:hay_block":6,"minecraft:birch_log":4,"minecraft:birch_trapdoor":1,"minecraft:peony":1,"minecraft:grass":6,"minecraft:coal_ore":1,"minecraft:dirt_path":4,"minecraft:dirt":7,"minecraft:stone":24,"minecraft:oak_leaves":9,"minecraft:spruce_slab":2},"minecraft:killed":{"alexsmobs:grizzly_bear":2,"aether:golden_swet":1,"iceandfire:gorgon":2,"minecraft:spider":1,"minecraft:creeper":2,"minecraft:sheep":3,"minecraft:zombie":2,"minecraft:cow":1},"minecraft:crafted":{"minecraft:wooden_sword":1,"minecraft:crafting_table":1,"minecraft:wooden_pickaxe":1,"minecraft:furnace":1,"minecraft:birch_planks":16,"minecraft:bread":15,"minecraft:stick":8,"minecraft:stone_pickaxe":1,"minecraft:stone_sword":1,"minecraft:wheat":45},"minecraft:broken":{"iceandfire:armor_black_helmet":1,"iceandfire:armor_black_chestplate":1,"iceandfire:armor_black_leggings":1,"iceandfire:armor_black_boots":1,"slashblade:slashblade":1},"minecraft:custom":{"minecraft:interact_with_furnace":2,"minecraft:mob_kills":14,"minecraft:interact_with_crafting_table":10,"minecraft:open_barrel":5,"minecraft:time_since_death":7481,"minecraft:climb_one_cm":960,"minecraft:time_since_rest":7536,"minecraft:sprint_one_cm":464905,"minecraft:damage_taken":2147483647,"minecraft:walk_one_cm":273139,"minecraft:drop":10,"minecraft:damage_dealt":4738,"minecraft:swim_one_cm":13637,"minecraft:talked_to_villager":4,"minecraft:fly_one_cm":450429,"minecraft:open_chest":37,"minecraft:crouch_one_cm":10128,"minecraft:play_time":118428,"minecraft:deaths":28,"minecraft:sneak_time":7579,"minecraft:walk_under_water_one_cm":835,"minecraft:jump":1899,"minecraft:interact_with_blast_furnace":2,"minecraft:walk_on_water_one_cm":2846,"minecraft:total_world_time":118428,"minecraft:fall_one_cm":60673},"minecraft:used":{"minecraft:stone_pickaxe":21,"minecraft:spruce_slab":2,"minecraft:dark_oak_sign":1,"minecraft:chest":1,"minecraft:wooden_pickaxe":11,"minecraft:dirt":9,"minecraft:crafting_table":1,"minecraft:mushroom_stew":1,"minecraft:carrot":8,"minecraft:allay_spawn_egg":1,"minecraft:obsidian":1,"minecraft:apple":1,"minecraft:iron_axe":5,"minecraft:bread":14,"minecraft:cyan_bed":2,"slashblade:slashblade":105,"minecraft:birch_trapdoor":1,"minecraft:wooden_sword":13,"minecraft:beef":1,"minecraft:hay_block":1,"minecraft:furnace":1,"minecraft:chain":2,"minecraft:potato":3}},"DataVersion":3465}