{"stats":{"minecraft:killed_by":{"minecraft:skeleton":1,"iceandfire:ghost":1,"minecraft:zombie":2},"minecraft:picked_up":{"slashblade:proudsoul_tiny":3,"minecraft:rotten_flesh":2,"minecraft:spruce_slab":2,"alexsmobs:animal_dictionary":3},"minecraft:mined":{"minecraft:grass":1,"minecraft:spruce_planks":1,"minecraft:oak_leaves":5,"minecraft:spruce_slab":2},"minecraft:killed":{"minecraft:zombie":2},"minecraft:custom":{"minecraft:open_chest":2,"minecraft:time_since_rest":15730,"minecraft:crouch_one_cm":4792,"minecraft:play_time":22428,"minecraft:sprint_one_cm":81739,"minecraft:walk_one_cm":39104,"minecraft:damage_taken":1486,"minecraft:deaths":5,"minecraft:sneak_time":3191,"minecraft:mob_kills":2,"minecraft:jump":239,"minecraft:damage_dealt":347,"minecraft:time_since_death":15618,"minecraft:climb_one_cm":864,"minecraft:total_world_time":22428,"minecraft:fall_one_cm":7450,"minecraft:fly_one_cm":45632},"minecraft:used":{"minecraft:spruce_slab":2}},"DataVersion":3465}