{"stats":{"minecraft:dropped":{"minecraft:bread":4,"slashblade:slashblade":1,"minecraft:beef":2},"minecraft:killed_by":{"minecraft:skeleton":17,"minecraft:zombie":2,"minecraft:iron_golem":1,"iceandfire:ghost":5,"iceandfire:fire_dragon":1},"minecraft:picked_up":{"minecraft:birch_log":4,"minecraft:pink_petals":12,"minecraft:golden_carrot":9,"minecraft:brown_wool":1,"aether:iron_gloves":1,"minecraft:red_mushroom":1,"minecraft:potato":5,"minecraft:chainmail_chestplate":1,"minecraft:chain":1,"iceandfire:manuscript":1,"minecraft:dirt":13,"minecraft:dark_oak_trapdoor":1,"minecraft:iron_axe":3,"minecraft:red_nether_bricks":1,"minecraft:iron_leggings":1,"minecraft:armor_stand":1,"minecraft:bone":10,"minecraft:wheat_seeds":3,"minecraft:gold_nugget":116,"minecraft:iron_ingot":1,"minecraft:beef":3,"minecraft:dark_oak_sign":3,"minecraft:poppy":2,"slashblade:slashblade":1,"minecraft:spruce_slab":2,"minecraft:mangrove_planks":6,"minecraft:chest":1,"minecraft:iron_boots":2,"minecraft:book":9,"slashblade:proudsoul_tiny":3,"minecraft:birch_trapdoor":1,"minecraft:fire_charge":2,"minecraft:cyan_bed":2,"alexsmobs:animal_dictionary":3,"minecraft:rotten_flesh":2,"minecraft:peony":1,"minecraft:hay_block":6,"minecraft:gray_wool":1,"minecraft:gold_ingot":4,"minecraft:emerald":3,"minecraft:mutton":5,"minecraft:obsidian":4,"minecraft:coal":3,"minecraft:cobblestone":7,"minecraft:white_wool":1,"minecraft:oxeye_daisy":2},"minecraft:mined":{"minecraft:spruce_planks":1,"minecraft:grass_block":3,"minecraft:poppy":1,"minecraft:chest":1,"minecraft:redstone_wire":1,"minecraft:cyan_bed":2,"minecraft:hay_block":6,"minecraft:birch_log":4,"minecraft:birch_trapdoor":1,"minecraft:peony":1,"minecraft:grass":6,"minecraft:coal_ore":1,"minecraft:dirt_path":4,"minecraft:dirt":4,"minecraft:stone":7,"minecraft:oak_leaves":9,"minecraft:spruce_slab":2},"minecraft:killed":{"minecraft:sheep":3,"minecraft:zombie":2,"minecraft:cow":1},"minecraft:crafted":{"minecraft:wooden_sword":1,"minecraft:crafting_table":1,"minecraft:wooden_pickaxe":1,"minecraft:birch_planks":16,"minecraft:bread":15,"minecraft:stick":4,"minecraft:wheat":45},"minecraft:custom":{"minecraft:mob_kills":6,"minecraft:interact_with_crafting_table":6,"minecraft:open_barrel":5,"minecraft:time_since_death":26890,"minecraft:climb_one_cm":960,"minecraft:time_since_rest":26927,"minecraft:sprint_one_cm":384639,"minecraft:damage_taken":7745,"minecraft:walk_one_cm":211882,"minecraft:drop":7,"minecraft:damage_dealt":1534,"minecraft:swim_one_cm":13637,"minecraft:talked_to_villager":4,"minecraft:fly_one_cm":378037,"minecraft:open_chest":33,"minecraft:crouch_one_cm":9593,"minecraft:play_time":94428,"minecraft:deaths":27,"minecraft:sneak_time":7157,"minecraft:walk_under_water_one_cm":835,"minecraft:jump":1672,"minecraft:interact_with_blast_furnace":2,"minecraft:walk_on_water_one_cm":2788,"minecraft:total_world_time":94428,"minecraft:fall_one_cm":52127},"minecraft:used":{"minecraft:spruce_slab":2,"minecraft:dark_oak_sign":1,"minecraft:chest":1,"minecraft:wooden_pickaxe":11,"minecraft:dirt":9,"minecraft:crafting_table":1,"minecraft:mushroom_stew":1,"minecraft:carrot":8,"minecraft:obsidian":1,"minecraft:apple":1,"minecraft:iron_axe":5,"minecraft:bread":10,"minecraft:cyan_bed":2,"minecraft:birch_trapdoor":1,"minecraft:wooden_sword":13,"minecraft:beef":1,"minecraft:hay_block":1,"minecraft:chain":2,"minecraft:potato":3}},"DataVersion":3465}