{"stats":{"minecraft:dropped":{"minecraft:beef":2},"minecraft:killed_by":{"iceandfire:ghost":5,"minecraft:skeleton":17,"iceandfire:fire_dragon":1,"minecraft:zombie":2},"minecraft:picked_up":{"slashblade:proudsoul_tiny":3,"minecraft:golden_carrot":9,"minecraft:birch_trapdoor":1,"minecraft:red_mushroom":1,"minecraft:fire_charge":2,"minecraft:chainmail_chestplate":1,"minecraft:cyan_bed":2,"alexsmobs:animal_dictionary":3,"minecraft:dark_oak_trapdoor":1,"minecraft:iron_axe":3,"minecraft:red_nether_bricks":1,"minecraft:bone":2,"minecraft:rotten_flesh":2,"minecraft:wheat_seeds":2,"minecraft:peony":1,"minecraft:dark_oak_sign":2,"minecraft:hay_block":1,"minecraft:beef":3,"minecraft:iron_ingot":1,"minecraft:gray_wool":1,"minecraft:gold_ingot":4,"minecraft:spruce_slab":2,"minecraft:mangrove_planks":6,"minecraft:mutton":2,"minecraft:coal":2},"minecraft:mined":{"minecraft:hay_block":1,"minecraft:spruce_planks":1,"minecraft:birch_trapdoor":1,"minecraft:peony":1,"minecraft:grass":4,"minecraft:redstone_wire":1,"minecraft:cyan_bed":2,"minecraft:spruce_slab":2,"minecraft:oak_leaves":6},"minecraft:killed":{"minecraft:sheep":1,"minecraft:zombie":2,"minecraft:cow":1},"minecraft:custom":{"minecraft:time_since_rest":2180,"minecraft:sprint_one_cm":260543,"minecraft:damage_taken":6871,"minecraft:walk_one_cm":133666,"minecraft:mob_kills":4,"minecraft:drop":2,"minecraft:damage_dealt":1309,"minecraft:swim_one_cm":8192,"minecraft:fly_one_cm":248569,"minecraft:open_barrel":5,"minecraft:open_chest":13,"minecraft:crouch_one_cm":7769,"minecraft:play_time":58428,"minecraft:deaths":26,"minecraft:sneak_time":6416,"minecraft:walk_under_water_one_cm":606,"minecraft:jump":1099,"minecraft:interact_with_blast_furnace":2,"minecraft:time_since_death":2041,"minecraft:walk_on_water_one_cm":2284,"minecraft:total_world_time":58428,"minecraft:climb_one_cm":960,"minecraft:fall_one_cm":35077},"minecraft:used":{"minecraft:iron_axe":5,"minecraft:spruce_slab":2,"minecraft:birch_trapdoor":1,"minecraft:beef":1,"minecraft:hay_block":1,"minecraft:mushroom_stew":1,"minecraft:carrot":8,"minecraft:obsidian":1}},"DataVersion":3465}