{"stats":{"minecraft:picked_up":{"minecraft:wheat_seeds":3},"minecraft:custom":{"minecraft:jump":63,"minecraft:time_since_rest":90,"minecraft:leave_game":1,"minecraft:deaths":1,"minecraft:sprint_one_cm":6194,"minecraft:play_time":1804,"minecraft:damage_taken":255,"minecraft:time_since_death":0,"minecraft:walk_one_cm":3015,"minecraft:total_world_time":1804,"minecraft:fall_one_cm":2206,"minecraft:fly_one_cm":18342},"minecraft:mined":{"minecraft:tall_grass":1,"minecraft:grass":20},"minecraft:killed_by":{"minecraft:zombie":1}},"DataVersion":3465}