{"stats":{"minecraft:dropped":{"minecraft:wheat_seeds":1,"minecraft:dandelion":1},"minecraft:mined":{"minecraft:large_fern":2,"minecraft:tall_grass":12,"minecraft:grass":11,"minecraft:grass_block":1,"minecraft:dandelion":1},"minecraft:custom":{"minecraft:jump":74,"minecraft:time_since_rest":3168,"minecraft:leave_game":1,"minecraft:play_time":3168,"minecraft:sprint_one_cm":5978,"minecraft:damage_taken":20,"minecraft:time_since_death":3168,"minecraft:walk_one_cm":1761,"minecraft:total_world_time":3168,"minecraft:drop":2,"minecraft:fall_one_cm":2670,"minecraft:fly_one_cm":13759},"minecraft:picked_up":{"minecraft:wheat_seeds":1,"minecraft:dandelion":1}},"DataVersion":3465}