{"stats":{"minecraft:dropped":{"slashblade:proudsoul_tiny":1},"minecraft:picked_up":{"slashblade:proudsoul_tiny":5,"minecraft:stick":2,"minecraft:allium":2,"minecraft:azure_bluet":5,"minecraft:ladder":1,"minecraft:redstone_lamp":7,"minecraft:quartz":10,"minecraft:wooden_pickaxe":1,"minecraft:dandelion":3,"minecraft:birch_planks":19,"minecraft:flint":4,"minecraft:golden_axe":1,"minecraft:redstone":16,"minecraft:string":5,"alexsmobs:animal_dictionary":3,"minecraft:flint_and_steel":2,"minecraft:sticky_piston":3,"minecraft:bow":1,"minecraft:wheat_seeds":13,"minecraft:gold_nugget":30,"minecraft:spruce_planks":6,"minecraft:redstone_torch":7,"minecraft:gray_wool":2,"minecraft:iron_nugget":22,"minecraft:spruce_slab":7,"minecraft:oak_sapling":1,"minecraft:repeater":14,"minecraft:oak_planks":15,"minecraft:piston":9,"minecraft:cobblestone":3,"minecraft:stone":16},"minecraft:killed_by":{"alexsmobs:raccoon":1,"minecraft:skeleton":5,"minecraft:creeper":1,"minecraft:spider":1},"minecraft:mined":{"minecraft:black_stained_glass_pane":2,"minecraft:gray_wool":1,"minecraft:spruce_planks":5,"minecraft:light_gray_stained_glass":1,"minecraft:redstone_torch":1,"minecraft:fire":3,"minecraft:dandelion":4,"minecraft:azure_bluet":3,"minecraft:ladder":1,"minecraft:grass":88,"minecraft:allium":2,"minecraft:tall_grass":10,"minecraft:tripwire":5,"minecraft:oak_leaves":4,"minecraft:spruce_slab":4},"minecraft:crafted":{"minecraft:crafting_table":1},"minecraft:custom":{"minecraft:time_since_rest":354,"minecraft:interact_with_furnace":4,"minecraft:sprint_one_cm":138122,"minecraft:damage_taken":4318,"minecraft:walk_one_cm":77966,"minecraft:drop":1,"minecraft:damage_dealt":270,"minecraft:play_noteblock":2,"minecraft:swim_one_cm":4787,"minecraft:player_kills":1,"minecraft:fly_one_cm":112139,"minecraft:open_chest":6,"minecraft:crouch_one_cm":10093,"minecraft:play_time":38328,"minecraft:deaths":11,"minecraft:sneak_time":3796,"minecraft:walk_under_water_one_cm":3371,"minecraft:jump":778,"minecraft:interact_with_stonecutter":1,"minecraft:leave_game":1,"minecraft:walk_on_water_one_cm":3281,"minecraft:time_since_death":322,"minecraft:climb_one_cm":58183,"minecraft:total_world_time":38328,"minecraft:fall_one_cm":40749,"minecraft:inspect_dispenser":2},"minecraft:used":{"minecraft:piston":1,"minecraft:redstone_torch":2,"minecraft:flint_and_steel":2,"minecraft:string":3,"minecraft:ladder":1,"minecraft:spruce_planks":2,"minecraft:fire_charge":1,"minecraft:crafting_table":1,"minecraft:oak_sapling":1,"minecraft:allium":1}},"DataVersion":3465}