{"stats":{"minecraft:dropped":{"slashblade:proudsoul_tiny":1},"minecraft:picked_up":{"slashblade:proudsoul_tiny":5,"minecraft:stick":2,"minecraft:allium":2,"minecraft:azure_bluet":5,"minecraft:ladder":1,"minecraft:wooden_pickaxe":1,"minecraft:dandelion":3,"minecraft:birch_planks":19,"minecraft:flint":4,"minecraft:golden_axe":1,"alexsmobs:animal_dictionary":3,"minecraft:flint_and_steel":2,"minecraft:bow":1,"minecraft:wheat_seeds":13,"minecraft:gold_nugget":30,"minecraft:gray_wool":2,"minecraft:iron_nugget":22,"minecraft:spruce_slab":2,"minecraft:oak_sapling":1,"minecraft:oak_planks":15,"minecraft:cobblestone":3},"minecraft:killed_by":{"alexsmobs:raccoon":1,"minecraft:skeleton":1,"minecraft:creeper":1,"minecraft:spider":1},"minecraft:mined":{"minecraft:black_stained_glass_pane":2,"minecraft:gray_wool":1,"minecraft:light_gray_stained_glass":1,"minecraft:fire":3,"minecraft:dandelion":4,"minecraft:azure_bluet":3,"minecraft:ladder":1,"minecraft:grass":88,"minecraft:allium":2,"minecraft:tall_grass":10,"minecraft:oak_leaves":4,"minecraft:spruce_slab":1},"minecraft:custom":{"minecraft:time_since_rest":2929,"minecraft:interact_with_furnace":4,"minecraft:sprint_one_cm":117033,"minecraft:damage_taken":1618,"minecraft:walk_one_cm":55193,"minecraft:drop":1,"minecraft:damage_dealt":126,"minecraft:swim_one_cm":4787,"minecraft:player_kills":1,"minecraft:fly_one_cm":102787,"minecraft:open_chest":1,"minecraft:crouch_one_cm":1346,"minecraft:play_time":26328,"minecraft:deaths":6,"minecraft:sneak_time":365,"minecraft:walk_under_water_one_cm":3371,"minecraft:jump":692,"minecraft:interact_with_stonecutter":1,"minecraft:leave_game":1,"minecraft:walk_on_water_one_cm":3281,"minecraft:time_since_death":2868,"minecraft:climb_one_cm":21604,"minecraft:total_world_time":26328,"minecraft:fall_one_cm":20597,"minecraft:inspect_dispenser":1},"minecraft:used":{"minecraft:flint_and_steel":2,"minecraft:ladder":1,"minecraft:fire_charge":1,"minecraft:oak_sapling":1,"minecraft:allium":1}},"DataVersion":3465}