{"stats":{"minecraft:dropped":{"slashblade:proudsoul_tiny":1},"minecraft:killed_by":{"alexsmobs:raccoon":1},"minecraft:picked_up":{"minecraft:flint_and_steel":1,"slashblade:proudsoul_tiny":3,"minecraft:wheat_seeds":2,"minecraft:gold_nugget":15,"minecraft:flint":4,"minecraft:gray_wool":2,"minecraft:iron_nugget":11,"minecraft:oak_sapling":1,"alexsmobs:animal_dictionary":1},"minecraft:mined":{"minecraft:grass":29,"minecraft:gray_wool":1,"minecraft:fire":2,"minecraft:oak_leaves":2},"minecraft:custom":{"minecraft:time_since_rest":7705,"minecraft:open_chest":1,"minecraft:crouch_one_cm":978,"minecraft:play_time":11652,"minecraft:sprint_one_cm":39139,"minecraft:deaths":1,"minecraft:damage_taken":390,"minecraft:walk_one_cm":18419,"minecraft:sneak_time":255,"minecraft:walk_under_water_one_cm":1603,"minecraft:drop":1,"minecraft:jump":205,"minecraft:damage_dealt":110,"minecraft:leave_game":1,"minecraft:walk_on_water_one_cm":1838,"minecraft:time_since_death":7668,"minecraft:total_world_time":11652,"minecraft:fall_one_cm":6383,"minecraft:fly_one_cm":28933,"minecraft:player_kills":1},"minecraft:used":{"minecraft:fire_charge":1,"minecraft:flint_and_steel":1,"minecraft:oak_sapling":1}},"DataVersion":3465}