{"stats":{"minecraft:dropped":{"slashblade:proudsoul_tiny":1},"minecraft:killed_by":{"alexsmobs:raccoon":1,"minecraft:spider":1},"minecraft:picked_up":{"slashblade:proudsoul_tiny":3,"minecraft:flint_and_steel":1,"minecraft:wheat_seeds":3,"minecraft:gold_nugget":15,"minecraft:flint":4,"minecraft:gray_wool":2,"minecraft:iron_nugget":11,"minecraft:oak_sapling":1,"alexsmobs:animal_dictionary":1,"minecraft:azure_bluet":2,"minecraft:allium":2},"minecraft:mined":{"minecraft:grass":51,"minecraft:allium":2,"minecraft:gray_wool":1,"minecraft:fire":3,"minecraft:oak_leaves":2,"minecraft:azure_bluet":2},"minecraft:custom":{"minecraft:open_chest":1,"minecraft:time_since_rest":70,"minecraft:crouch_one_cm":978,"minecraft:play_time":14328,"minecraft:sprint_one_cm":52403,"minecraft:damage_taken":480,"minecraft:walk_one_cm":27458,"minecraft:deaths":2,"minecraft:sneak_time":255,"minecraft:walk_under_water_one_cm":1603,"minecraft:drop":1,"minecraft:jump":301,"minecraft:damage_dealt":120,"minecraft:leave_game":1,"minecraft:time_since_death":0,"minecraft:walk_on_water_one_cm":1838,"minecraft:total_world_time":14328,"minecraft:fly_one_cm":43270,"minecraft:fall_one_cm":7428,"minecraft:player_kills":1},"minecraft:used":{"minecraft:fire_charge":1,"minecraft:flint_and_steel":2,"minecraft:oak_sapling":1,"minecraft:allium":1}},"DataVersion":3465}