{"stats":{"minecraft:dropped":{"minecraft:iron_ingot":38,"aether:golden_parachute":1,"minecraft:wheat_seeds":5,"aquamirae:terrible_helmet":1,"minecraft:iron_helmet":1,"aquamirae:terrible_chestplate":1,"iceandfire:dragonegg_white":1,"minecraft:iron_leggings":1,"mowziesmobs:wrought_helmet":1,"iceandfire:armor_black_helmet":2,"minecraft:wooden_sword":1,"iceandfire:armor_black_boots":2,"alexsmobs:animal_dictionary":1,"minecraft:iron_boots":1,"iceandfire:armor_black_leggings":2,"minecraft:poppy":1,"aether:iron_gloves":1,"slashblade:slashblade":3,"minecraft:chainmail_boots":1,"aquamirae:terrible_boots":1,"aquamirae:terrible_leggings":1,"iceandfire:armor_black_chestplate":2,"slashblade:proudsoul_tiny":1},"minecraft:killed_by":{"minecraft:husk":1,"minecraft:player":1,"minecraft:creeper":1,"minecraft:iron_golem":1,"iceandfire:gorgon":2,"minecraft:skeleton":11,"iceandfire:ghost":4,"iceandfire:fire_dragon":1},"minecraft:picked_up":{"minecraft:wheat":3,"minecraft:azure_bluet":1,"minecraft:chainmail_boots":4,"minecraft:turtle_helmet":1,"minecraft:wooden_pickaxe":1,"aether:iron_gloves":11,"minecraft:potion":3,"iceandfire:manuscript":32,"minecraft:dark_oak_trapdoor":3,"minecraft:iron_axe":2,"minecraft:wooden_sword":1,"minecraft:item_frame":2,"minecraft:armor_stand":2,"minecraft:red_nether_bricks":3,"minecraft:iron_leggings":5,"minecraft:beetroot_soup":1,"iceandfire:bestiary":3,"minecraft:gold_nugget":896,"minecraft:spruce_planks":4,"minecraft:beef":8,"iceandfire:dread_shard":5,"minecraft:player_head":8,"iceandfire:frozen_gravel":2,"minecraft:poppy":3,"minecraft:iron_pickaxe":10,"minecraft:enchanted_golden_apple":1,"minecraft:iron_boots":2,"minecraft:golden_helmet":3,"minecraft:stick":2,"minecraft:stripped_mangrove_wood":6,"minecraft:fire_charge":11,"minecraft:golden_axe":1,"minecraft:golden_chestplate":1,"minecraft:dark_oak_planks":5,"slashblade:proudsoul":1,"mowziesmobs:umvuthana_mask_faith":1,"minecraft:arrow":12,"minecraft:pumpkin_pie":9,"minecraft:hay_block":4,"iceandfire:armor_black_helmet":2,"minecraft:gold_ingot":8,"minecraft:obsidian":5,"minecraft:mutton":2,"minecraft:cobblestone":6,"minecraft:birch_log":5,"minecraft:pink_petals":8,"minecraft:leather_chestplate":7,"minecraft:feather":2,"minecraft:brown_wool":2,"minecraft:leather":14,"minecraft:golden_leggings":7,"minecraft:red_mushroom":4,"minecraft:birch_planks":20,"minecraft:oak_log":16,"minecraft:mangrove_slab":6,"minecraft:dirt":4,"minecraft:paper":12,"minecraft:mangrove_fence":5,"minecraft:bone":26,"minecraft:wheat_seeds":27,"minecraft:iron_ingot":15,"minecraft:cobweb":8,"slashblade:slashblade":6,"minecraft:bamboo":3,"minecraft:mangrove_planks":6,"minecraft:oak_planks":24,"minecraft:iron_sword":2,"iceandfire:spawn_egg_gorgon":126,"slashblade:proudsoul_tiny":3,"iceandfire:armor_black_boots":2,"minecraft:dandelion":4,"iceandfire:shiny_scales":2,"minecraft:amethyst_shard":28,"iceandfire:frozen_dirt":2,"alexsmobs:animal_dictionary":3,"minecraft:iron_helmet":7,"minecraft:painting":2,"minecraft:chainmail_helmet":1,"minecraft:bread":5,"iceandfire:gorgon_head":2,"aether:blue_aercloud":1,"iceandfire:silver_nugget":94,"minecraft:coal":14},"minecraft:mined":{"minecraft:dark_oak_planks":4,"minecraft:spruce_planks":2,"minecraft:red_nether_bricks":1,"minecraft:grass_block":4,"minecraft:mangrove_fence":1,"minecraft:large_fern":1,"minecraft:hay_block":3,"minecraft:black_stained_glass_pane":3,"minecraft:dark_oak_trapdoor":1,"minecraft:fire":1,"minecraft:azure_bluet":1,"minecraft:bookshelf":1,"iceandfire:gold_pile":13,"minecraft:flowering_azalea_leaves":1,"minecraft:vine":1,"minecraft:stripped_mangrove_wood":6,"minecraft:stone":3,"minecraft:player_head":1,"minecraft:glass_pane":1,"minecraft:dandelion":2,"iceandfire:frozen_gravel":2,"iceandfire:frozen_dirt":2,"minecraft:tall_grass":69,"minecraft:pink_petals":6,"minecraft:birch_log":5,"minecraft:grass":87,"minecraft:mangrove_slab":3,"minecraft:oak_log":16,"iceandfire:silver_pile":1,"minecraft:dirt":1,"minecraft:oak_leaves":5},"minecraft:killed":{"iceandfire:gorgon":1,"minecraft:spider":1,"minecraft:skeleton":15,"iceandfire:dread_thrall":2,"mowziesmobs:umvuthana_crane":2,"aether:blue_swet":1,"minecraft:husk":3,"minecraft:iron_golem":1,"aether:flying_cow":1,"minecraft:sheep":1,"iceandfire:dread_lich":1,"minecraft:cow":2},"minecraft:crafted":{"minecraft:oak_planks":64,"minecraft:iron_axe":1,"minecraft:wheat":9,"minecraft:crafting_table":3,"minecraft:wooden_pickaxe":1,"minecraft:mangrove_planks":24,"minecraft:birch_planks":20,"minecraft:bread":3,"aether:iron_gloves":1,"iceandfire:bestiary":1,"minecraft:stick":8,"minecraft:iron_pickaxe":1},"minecraft:broken":{"iceandfire:armor_black_helmet":1,"minecraft:iron_leggings":1,"iceandfire:armor_black_boots":1},"minecraft:custom":{"minecraft:mob_kills":31,"minecraft:interact_with_crafting_table":7,"minecraft:open_barrel":14,"minecraft:eat_cake_slice":13,"minecraft:leave_game":2,"minecraft:time_since_death":6797,"minecraft:climb_one_cm":3330,"minecraft:damage_resisted":265,"minecraft:sprint_one_cm":394907,"minecraft:walk_one_cm":239084,"minecraft:drop":33,"minecraft:talked_to_villager":1,"minecraft:play_time":129867,"minecraft:deaths":24,"minecraft:sneak_time":5385,"minecraft:walk_under_water_one_cm":5632,"minecraft:jump":2469,"minecraft:interact_with_brewingstand":1,"minecraft:interact_with_blast_furnace":5,"minecraft:walk_on_water_one_cm":4212,"minecraft:total_world_time":129867,"minecraft:interact_with_furnace":1,"minecraft:interact_with_cartography_table":1,"minecraft:tune_noteblock":1,"minecraft:time_since_rest":6824,"minecraft:damage_taken":2147483647,"minecraft:damage_absorbed":160,"minecraft:trigger_trapped_chest":1,"minecraft:damage_dealt":9817,"minecraft:swim_one_cm":30548,"minecraft:fly_one_cm":598865,"minecraft:open_chest":45,"minecraft:crouch_one_cm":11769,"minecraft:fall_one_cm":90213},"minecraft:used":{"alexsmobs:spawn_egg_triops":5,"alexsmobs:spawn_egg_seal":2,"iceandfire:spawn_egg_gorgon":3,"minecraft:spruce_planks":5,"minecraft:stone":11,"minecraft:iron_sword":25,"mowziesmobs:umvuthana_crane_spawn_egg":2,"minecraft:dirt":4,"minecraft:mutton":2,"iceandfire:spawn_egg_pixie":2,"iceandfire:spawn_egg_hippocampus":1,"minecraft:golden_chestplate":1,"minecraft:azure_bluet":1,"mowziesmobs:wrought_helmet":1,"minecraft:obsidian":1,"minecraft:dark_oak_planks":2,"mowziesmobs:umvuthana_mask_faith":2,"minecraft:iron_axe":5,"alexsmobs:spawn_egg_grizzly_bear":5,"slashblade:slashblade":232,"alexsmobs:spawn_egg_devils_hole_pupfish":1,"minecraft:iron_helmet":2,"minecraft:iron_boots":1,"minecraft:smooth_quartz":1,"minecraft:item_frame":2,"minecraft:glowstone":14,"minecraft:beef":2,"minecraft:hay_block":1,"minecraft:enchanted_golden_apple":1,"minecraft:golden_axe":20,"minecraft:iron_leggings":2,"minecraft:water_bucket":1,"iceandfire:frozen_gravel":2,"minecraft:birch_planks":1,"minecraft:oak_planks":30,"minecraft:wooden_pickaxe":3,"minecraft:leather_chestplate":1,"iceandfire:spawn_egg_lich":1,"mowziesmobs:naga_spawn_egg":2,"iceandfire:frozen_dirt":2,"alexsmobs:spawn_egg_capuchin_monkey":1,"minecraft:crafting_table":3,"minecraft:mushroom_stew":1,"minecraft:painting":2,"aether:blue_aercloud":3,"minecraft:light_gray_concrete":4,"minecraft:bread":7,"minecraft:iron_pickaxe":2,"aether:golden_parachute":12,"minecraft:chainmail_boots":2,"minecraft:turtle_helmet":1,"minecraft:pumpkin_pie":6,"alexsmobs:animal_dictionary":2}},"DataVersion":3465}