{"stats":{"minecraft:dropped":{"minecraft:wheat_seeds":2,"alexsmobs:animal_dictionary":1,"slashblade:proudsoul_tiny":1},"minecraft:killed_by":{"minecraft:player":1},"minecraft:picked_up":{"minecraft:birch_log":5,"slashblade:proudsoul_tiny":2,"minecraft:brown_wool":1,"minecraft:oak_log":12,"alexsmobs:animal_dictionary":2,"minecraft:wheat_seeds":2,"minecraft:mutton":2,"minecraft:cobblestone":3},"minecraft:mined":{"minecraft:birch_log":5,"minecraft:fire":1,"minecraft:grass":1,"minecraft:oak_log":12,"minecraft:stone":3,"minecraft:oak_leaves":1},"minecraft:killed":{"minecraft:sheep":1},"minecraft:crafted":{"minecraft:oak_planks":48,"minecraft:crafting_table":1,"minecraft:stick":4,"minecraft:wooden_pickaxe":1},"minecraft:custom":{"minecraft:time_since_rest":8806,"minecraft:sprint_one_cm":47113,"minecraft:damage_taken":254,"minecraft:walk_one_cm":17742,"minecraft:mob_kills":1,"minecraft:drop":4,"minecraft:damage_dealt":206,"minecraft:interact_with_crafting_table":2,"minecraft:swim_one_cm":2924,"minecraft:fly_one_cm":58269,"minecraft:open_chest":1,"minecraft:crouch_one_cm":1589,"minecraft:play_time":24243,"minecraft:deaths":1,"minecraft:sneak_time":682,"minecraft:walk_under_water_one_cm":441,"minecraft:jump":336,"minecraft:time_since_death":8756,"minecraft:walk_on_water_one_cm":521,"minecraft:climb_one_cm":2100,"minecraft:total_world_time":24243,"minecraft:fall_one_cm":10528},"minecraft:used":{"minecraft:oak_planks":24,"minecraft:wooden_pickaxe":3,"minecraft:crafting_table":1,"alexsmobs:animal_dictionary":2,"minecraft:golden_chestplate":1,"minecraft:golden_axe":14}},"DataVersion":3465}