{"stats":{"minecraft:dropped":{"minecraft:wheat_seeds":2,"alexsmobs:animal_dictionary":1,"slashblade:proudsoul_tiny":1},"minecraft:killed_by":{"iceandfire:ghost":4,"minecraft:player":1,"minecraft:skeleton":2},"minecraft:picked_up":{"minecraft:birch_log":5,"slashblade:proudsoul_tiny":3,"minecraft:stick":2,"minecraft:azure_bluet":1,"minecraft:brown_wool":2,"minecraft:wooden_pickaxe":1,"minecraft:birch_planks":20,"minecraft:golden_axe":1,"minecraft:oak_log":12,"iceandfire:frozen_dirt":2,"minecraft:golden_chestplate":1,"alexsmobs:animal_dictionary":3,"minecraft:wheat_seeds":20,"iceandfire:frozen_gravel":2,"iceandfire:silver_nugget":54,"minecraft:obsidian":1,"minecraft:mutton":2,"minecraft:oak_planks":15,"minecraft:cobblestone":6},"minecraft:mined":{"minecraft:large_fern":1,"minecraft:birch_log":5,"minecraft:fire":1,"iceandfire:frozen_gravel":2,"minecraft:azure_bluet":1,"minecraft:grass":32,"minecraft:oak_log":12,"iceandfire:silver_pile":1,"minecraft:vine":1,"iceandfire:frozen_dirt":2,"minecraft:tall_grass":54,"minecraft:stone":3,"minecraft:oak_leaves":1},"minecraft:killed":{"minecraft:sheep":1,"minecraft:skeleton":1},"minecraft:crafted":{"minecraft:oak_planks":48,"minecraft:crafting_table":1,"minecraft:stick":4,"minecraft:wooden_pickaxe":1,"minecraft:birch_planks":20},"minecraft:custom":{"minecraft:time_since_rest":2647,"minecraft:sprint_one_cm":118009,"minecraft:damage_taken":1784,"minecraft:walk_one_cm":51635,"minecraft:trigger_trapped_chest":1,"minecraft:mob_kills":2,"minecraft:drop":4,"minecraft:damage_dealt":456,"minecraft:swim_one_cm":2924,"minecraft:interact_with_crafting_table":2,"minecraft:fly_one_cm":167512,"minecraft:open_chest":13,"minecraft:crouch_one_cm":3188,"minecraft:play_time":45867,"minecraft:deaths":7,"minecraft:sneak_time":1154,"minecraft:walk_under_water_one_cm":441,"minecraft:jump":958,"minecraft:leave_game":2,"minecraft:time_since_death":2615,"minecraft:walk_on_water_one_cm":521,"minecraft:climb_one_cm":2825,"minecraft:total_world_time":45867,"minecraft:fall_one_cm":23982},"minecraft:used":{"iceandfire:frozen_gravel":2,"minecraft:light_gray_concrete":4,"minecraft:birch_planks":1,"minecraft:oak_planks":24,"minecraft:wooden_pickaxe":3,"minecraft:smooth_quartz":1,"iceandfire:frozen_dirt":2,"minecraft:mutton":2,"minecraft:crafting_table":1,"alexsmobs:animal_dictionary":2,"minecraft:golden_chestplate":1,"minecraft:azure_bluet":1,"minecraft:golden_axe":20}},"DataVersion":3465}