{"stats":{"minecraft:dropped":{"minecraft:wheat_seeds":2,"alexsmobs:animal_dictionary":1,"slashblade:proudsoul_tiny":1},"minecraft:killed_by":{"minecraft:player":1,"minecraft:skeleton":9,"iceandfire:ghost":4},"minecraft:picked_up":{"minecraft:birch_log":5,"minecraft:azure_bluet":1,"minecraft:brown_wool":2,"minecraft:red_mushroom":4,"minecraft:wooden_pickaxe":1,"minecraft:birch_planks":20,"minecraft:oak_log":12,"minecraft:mangrove_slab":3,"minecraft:dark_oak_trapdoor":3,"minecraft:iron_axe":2,"minecraft:red_nether_bricks":3,"minecraft:beetroot_soup":1,"minecraft:item_frame":1,"minecraft:bone":2,"minecraft:wheat_seeds":20,"minecraft:iron_ingot":3,"minecraft:bamboo":3,"minecraft:iron_pickaxe":3,"iceandfire:frozen_gravel":2,"minecraft:mangrove_planks":6,"minecraft:oak_planks":15,"slashblade:proudsoul_tiny":3,"minecraft:stick":2,"minecraft:stripped_mangrove_wood":4,"minecraft:golden_axe":1,"alexsmobs:animal_dictionary":3,"minecraft:golden_chestplate":1,"iceandfire:frozen_dirt":2,"minecraft:dark_oak_planks":4,"minecraft:gold_ingot":8,"minecraft:coal":2,"minecraft:mutton":2,"minecraft:obsidian":4,"iceandfire:silver_nugget":54,"minecraft:cobblestone":6},"minecraft:mined":{"minecraft:dark_oak_planks":3,"minecraft:red_nether_bricks":1,"iceandfire:frozen_gravel":2,"iceandfire:frozen_dirt":2,"minecraft:tall_grass":54,"minecraft:large_fern":1,"minecraft:black_stained_glass_pane":1,"minecraft:dark_oak_trapdoor":1,"minecraft:birch_log":5,"minecraft:fire":1,"minecraft:azure_bluet":1,"minecraft:grass":32,"minecraft:mangrove_slab":1,"minecraft:oak_log":12,"iceandfire:silver_pile":1,"minecraft:flowering_azalea_leaves":1,"minecraft:vine":1,"minecraft:stone":3,"minecraft:stripped_mangrove_wood":4,"minecraft:oak_leaves":1},"minecraft:killed":{"minecraft:sheep":1,"minecraft:skeleton":2},"minecraft:crafted":{"minecraft:oak_planks":48,"minecraft:crafting_table":2,"minecraft:wooden_pickaxe":1,"minecraft:mangrove_planks":16,"minecraft:birch_planks":20,"minecraft:iron_axe":1,"minecraft:stick":8,"minecraft:iron_pickaxe":1},"minecraft:custom":{"minecraft:mob_kills":3,"minecraft:interact_with_crafting_table":5,"minecraft:open_barrel":6,"minecraft:eat_cake_slice":7,"minecraft:leave_game":2,"minecraft:time_since_death":2407,"minecraft:climb_one_cm":2853,"minecraft:time_since_rest":2440,"minecraft:sprint_one_cm":148836,"minecraft:damage_taken":3604,"minecraft:walk_one_cm":84816,"minecraft:trigger_trapped_chest":1,"minecraft:drop":4,"minecraft:damage_dealt":553,"minecraft:fly_one_cm":205938,"minecraft:swim_one_cm":2924,"minecraft:open_chest":14,"minecraft:crouch_one_cm":6067,"minecraft:play_time":57867,"minecraft:deaths":14,"minecraft:sneak_time":2248,"minecraft:walk_under_water_one_cm":441,"minecraft:jump":1127,"minecraft:interact_with_blast_furnace":1,"minecraft:walk_on_water_one_cm":521,"minecraft:total_world_time":57867,"minecraft:fall_one_cm":30513},"minecraft:used":{"iceandfire:frozen_gravel":2,"minecraft:birch_planks":1,"minecraft:oak_planks":24,"minecraft:wooden_pickaxe":3,"iceandfire:frozen_dirt":2,"minecraft:mutton":2,"minecraft:crafting_table":2,"minecraft:golden_chestplate":1,"minecraft:azure_bluet":1,"minecraft:light_gray_concrete":4,"minecraft:iron_axe":5,"minecraft:iron_pickaxe":2,"minecraft:smooth_quartz":1,"minecraft:item_frame":1,"minecraft:chainmail_boots":1,"alexsmobs:animal_dictionary":2,"minecraft:golden_axe":20}},"DataVersion":3465}