{"stats":{"minecraft:dropped":{"minecraft:wheat_seeds":3,"alexsmobs:animal_dictionary":1,"slashblade:proudsoul_tiny":1},"minecraft:killed_by":{"minecraft:husk":1,"minecraft:player":1,"minecraft:skeleton":10,"minecraft:creeper":1,"iceandfire:ghost":4,"iceandfire:fire_dragon":1},"minecraft:picked_up":{"minecraft:birch_log":5,"minecraft:leather_chestplate":1,"minecraft:azure_bluet":1,"minecraft:chainmail_boots":1,"minecraft:turtle_helmet":1,"minecraft:brown_wool":2,"minecraft:red_mushroom":4,"minecraft:wooden_pickaxe":1,"minecraft:birch_planks":20,"minecraft:oak_log":12,"minecraft:mangrove_slab":6,"minecraft:dark_oak_trapdoor":3,"minecraft:iron_axe":2,"minecraft:red_nether_bricks":3,"minecraft:beetroot_soup":1,"minecraft:armor_stand":1,"minecraft:item_frame":2,"minecraft:bone":2,"minecraft:wheat_seeds":21,"minecraft:spruce_planks":2,"minecraft:beef":2,"minecraft:iron_ingot":3,"minecraft:player_head":1,"minecraft:enchanted_golden_apple":1,"minecraft:bamboo":3,"minecraft:iron_pickaxe":3,"iceandfire:frozen_gravel":2,"minecraft:mangrove_planks":6,"minecraft:oak_planks":15,"slashblade:proudsoul_tiny":3,"minecraft:stick":2,"minecraft:stripped_mangrove_wood":6,"minecraft:dandelion":1,"minecraft:golden_axe":1,"alexsmobs:animal_dictionary":3,"minecraft:golden_chestplate":1,"iceandfire:frozen_dirt":2,"minecraft:dark_oak_planks":5,"minecraft:hay_block":2,"minecraft:gold_ingot":8,"minecraft:coal":2,"minecraft:mutton":2,"minecraft:obsidian":4,"iceandfire:silver_nugget":54,"minecraft:cobblestone":6},"minecraft:mined":{"minecraft:dark_oak_planks":4,"minecraft:spruce_planks":2,"minecraft:red_nether_bricks":1,"minecraft:dandelion":1,"iceandfire:frozen_gravel":2,"iceandfire:frozen_dirt":2,"minecraft:tall_grass":63,"minecraft:pink_petals":3,"minecraft:large_fern":1,"minecraft:hay_block":2,"minecraft:black_stained_glass_pane":1,"minecraft:dark_oak_trapdoor":1,"minecraft:birch_log":5,"minecraft:fire":1,"minecraft:azure_bluet":1,"minecraft:grass":48,"minecraft:mangrove_slab":3,"minecraft:oak_log":12,"iceandfire:silver_pile":1,"minecraft:flowering_azalea_leaves":1,"minecraft:vine":1,"minecraft:stone":3,"minecraft:stripped_mangrove_wood":6,"minecraft:player_head":1,"minecraft:oak_leaves":1},"minecraft:killed":{"minecraft:sheep":1,"minecraft:skeleton":2},"minecraft:crafted":{"minecraft:oak_planks":48,"minecraft:crafting_table":2,"minecraft:wooden_pickaxe":1,"minecraft:mangrove_planks":24,"minecraft:birch_planks":20,"minecraft:iron_axe":1,"minecraft:stick":8,"minecraft:iron_pickaxe":1},"minecraft:custom":{"minecraft:mob_kills":3,"minecraft:interact_with_cartography_table":1,"minecraft:interact_with_crafting_table":5,"minecraft:tune_noteblock":1,"minecraft:open_barrel":13,"minecraft:eat_cake_slice":13,"minecraft:leave_game":2,"minecraft:time_since_death":1391,"minecraft:damage_resisted":169,"minecraft:climb_one_cm":2853,"minecraft:time_since_rest":1485,"minecraft:sprint_one_cm":189027,"minecraft:damage_absorbed":160,"minecraft:damage_taken":5495,"minecraft:walk_one_cm":112827,"minecraft:trigger_trapped_chest":1,"minecraft:drop":5,"minecraft:damage_dealt":564,"minecraft:fly_one_cm":282231,"minecraft:swim_one_cm":21309,"minecraft:open_chest":23,"minecraft:crouch_one_cm":9033,"minecraft:play_time":69867,"minecraft:deaths":18,"minecraft:sneak_time":3540,"minecraft:walk_under_water_one_cm":3445,"minecraft:interact_with_brewingstand":1,"minecraft:jump":1392,"minecraft:interact_with_blast_furnace":4,"minecraft:walk_on_water_one_cm":2410,"minecraft:total_world_time":69867,"minecraft:fall_one_cm":47106},"minecraft:used":{"iceandfire:frozen_gravel":2,"minecraft:birch_planks":1,"minecraft:oak_planks":24,"minecraft:leather_chestplate":1,"minecraft:wooden_pickaxe":3,"iceandfire:frozen_dirt":2,"minecraft:mutton":2,"minecraft:crafting_table":2,"minecraft:mushroom_stew":1,"minecraft:golden_chestplate":1,"minecraft:azure_bluet":1,"minecraft:dark_oak_planks":1,"minecraft:light_gray_concrete":4,"minecraft:iron_axe":5,"minecraft:iron_pickaxe":2,"minecraft:iron_helmet":1,"minecraft:smooth_quartz":1,"minecraft:item_frame":2,"minecraft:beef":1,"minecraft:hay_block":1,"minecraft:chainmail_boots":2,"minecraft:turtle_helmet":1,"alexsmobs:animal_dictionary":2,"minecraft:enchanted_golden_apple":1,"minecraft:golden_axe":20,"minecraft:iron_leggings":1}},"DataVersion":3465}