{"stats":{"minecraft:dropped":{"minecraft:wheat_seeds":4,"alexsmobs:animal_dictionary":1,"slashblade:proudsoul_tiny":1},"minecraft:killed_by":{"minecraft:husk":1,"minecraft:player":1,"minecraft:skeleton":10,"minecraft:creeper":1,"iceandfire:ghost":4,"iceandfire:fire_dragon":1},"minecraft:picked_up":{"minecraft:birch_log":5,"minecraft:pink_petals":4,"minecraft:leather_chestplate":2,"minecraft:azure_bluet":1,"minecraft:chainmail_boots":2,"minecraft:turtle_helmet":1,"minecraft:brown_wool":2,"minecraft:golden_leggings":1,"minecraft:red_mushroom":4,"minecraft:wooden_pickaxe":1,"minecraft:birch_planks":20,"minecraft:oak_log":16,"minecraft:mangrove_slab":6,"minecraft:dirt":4,"minecraft:dark_oak_trapdoor":3,"minecraft:iron_axe":2,"minecraft:red_nether_bricks":3,"minecraft:beetroot_soup":1,"minecraft:armor_stand":2,"minecraft:item_frame":2,"minecraft:bone":2,"minecraft:gold_nugget":128,"minecraft:wheat_seeds":22,"minecraft:spruce_planks":4,"minecraft:beef":3,"minecraft:iron_ingot":5,"minecraft:player_head":2,"minecraft:enchanted_golden_apple":1,"minecraft:bamboo":3,"minecraft:iron_pickaxe":3,"iceandfire:frozen_gravel":2,"minecraft:mangrove_planks":6,"minecraft:oak_planks":15,"slashblade:proudsoul_tiny":3,"minecraft:stick":2,"minecraft:stripped_mangrove_wood":6,"minecraft:dandelion":1,"minecraft:fire_charge":1,"minecraft:golden_axe":1,"alexsmobs:animal_dictionary":3,"minecraft:golden_chestplate":1,"iceandfire:frozen_dirt":2,"minecraft:dark_oak_planks":5,"minecraft:pumpkin_pie":7,"minecraft:hay_block":2,"minecraft:painting":2,"minecraft:gold_ingot":8,"minecraft:coal":2,"minecraft:mutton":2,"minecraft:obsidian":4,"iceandfire:silver_nugget":54,"minecraft:cobblestone":6},"minecraft:mined":{"minecraft:dark_oak_planks":4,"minecraft:spruce_planks":2,"minecraft:red_nether_bricks":1,"minecraft:dandelion":1,"iceandfire:frozen_gravel":2,"minecraft:grass_block":3,"iceandfire:frozen_dirt":2,"minecraft:tall_grass":64,"minecraft:pink_petals":6,"minecraft:large_fern":1,"minecraft:hay_block":2,"minecraft:black_stained_glass_pane":1,"minecraft:dark_oak_trapdoor":1,"minecraft:birch_log":5,"minecraft:fire":1,"minecraft:azure_bluet":1,"minecraft:grass":53,"minecraft:mangrove_slab":3,"minecraft:bookshelf":1,"minecraft:oak_log":16,"iceandfire:silver_pile":1,"iceandfire:gold_pile":13,"minecraft:flowering_azalea_leaves":1,"minecraft:vine":1,"minecraft:dirt":1,"minecraft:stone":3,"minecraft:stripped_mangrove_wood":6,"minecraft:player_head":1,"minecraft:oak_leaves":5},"minecraft:killed":{"minecraft:sheep":1,"minecraft:skeleton":2},"minecraft:crafted":{"minecraft:oak_planks":64,"minecraft:crafting_table":3,"minecraft:wooden_pickaxe":1,"minecraft:mangrove_planks":24,"minecraft:birch_planks":20,"iceandfire:bestiary":1,"minecraft:iron_axe":1,"minecraft:stick":8,"minecraft:iron_pickaxe":1},"minecraft:custom":{"minecraft:mob_kills":3,"minecraft:interact_with_cartography_table":1,"minecraft:interact_with_crafting_table":5,"minecraft:tune_noteblock":1,"minecraft:open_barrel":13,"minecraft:eat_cake_slice":13,"minecraft:leave_game":2,"minecraft:time_since_death":13391,"minecraft:damage_resisted":169,"minecraft:climb_one_cm":2853,"minecraft:time_since_rest":13485,"minecraft:sprint_one_cm":236051,"minecraft:damage_absorbed":160,"minecraft:damage_taken":5579,"minecraft:walk_one_cm":133720,"minecraft:trigger_trapped_chest":1,"minecraft:drop":6,"minecraft:damage_dealt":571,"minecraft:talked_to_villager":1,"minecraft:fly_one_cm":345854,"minecraft:swim_one_cm":29247,"minecraft:open_chest":30,"minecraft:crouch_one_cm":10264,"minecraft:play_time":81867,"minecraft:deaths":18,"minecraft:sneak_time":4000,"minecraft:walk_under_water_one_cm":3918,"minecraft:interact_with_brewingstand":1,"minecraft:jump":1702,"minecraft:interact_with_blast_furnace":4,"minecraft:walk_on_water_one_cm":3278,"minecraft:total_world_time":81867,"minecraft:fall_one_cm":59200},"minecraft:used":{"iceandfire:frozen_gravel":2,"minecraft:birch_planks":1,"minecraft:oak_planks":24,"minecraft:spruce_planks":2,"minecraft:leather_chestplate":1,"minecraft:wooden_pickaxe":3,"iceandfire:frozen_dirt":2,"minecraft:dirt":4,"minecraft:mutton":2,"minecraft:crafting_table":2,"minecraft:mushroom_stew":1,"minecraft:painting":2,"minecraft:golden_chestplate":1,"minecraft:azure_bluet":1,"minecraft:dark_oak_planks":1,"minecraft:light_gray_concrete":4,"minecraft:iron_axe":5,"minecraft:iron_pickaxe":2,"minecraft:iron_helmet":1,"minecraft:smooth_quartz":1,"minecraft:item_frame":2,"minecraft:beef":2,"minecraft:hay_block":1,"minecraft:chainmail_boots":2,"minecraft:turtle_helmet":1,"minecraft:pumpkin_pie":4,"alexsmobs:animal_dictionary":2,"minecraft:enchanted_golden_apple":1,"minecraft:golden_axe":20,"minecraft:iron_leggings":1}},"DataVersion":3465}