{"stats":{"minecraft:picked_up":{"minecraft:oak_log":6,"minecraft:wheat_seeds":1},"minecraft:mined":{"minecraft:grass":1,"minecraft:oak_log":6,"minecraft:oak_leaves":1},"minecraft:crafted":{"minecraft:oak_planks":24},"minecraft:custom":{"minecraft:jump":49,"minecraft:time_since_rest":12243,"minecraft:damage_dealt":28,"minecraft:crouch_one_cm":1006,"minecraft:sprint_one_cm":10284,"minecraft:play_time":12243,"minecraft:time_since_death":12243,"minecraft:walk_one_cm":5388,"minecraft:sneak_time":435,"minecraft:total_world_time":12243,"minecraft:fall_one_cm":1312,"minecraft:fly_one_cm":8848},"minecraft:used":{"minecraft:oak_planks":8}},"DataVersion":3465}